{"type": "block", "layer": 0, "block": 0, "features": [{"geom": {"polygons": [[[[-2.5138206321607406, -9.541141187048108], [-0.5938339921801206, -10.040559677022886], [-1.0044669729592115, -11.272458619463766], [-2.9133554243206463, -10.695352808635468], [-2.5138206321607406, -9.541141187048108]]]], "centroids": [[-1.7467511711515726, -10.390875781669239, 7.673144887659392]], "h": 0.037169633139944466}, "mtl": {"face": 0}}, {"geom": {"polygons": [[[[-5.182935007536383, -11.738582543546386], [-3.917741498995392, -12.09372458112564], [-3.806759612318922, -12.404473863812768], [-4.283981725228514, -14.496482428186509], [-4.62802557401557, -14.585267937486124], [-6.026397346471396, -14.379951447235086], [-5.182935007536383, -11.738582543546386]]]], "centroids": [[-4.844029360345253, -13.249862279850426, 7.67189599343066]], "h": 0.037169633139944466}, "mtl": {"face": 0}}, {"geom": {"polygons": [[[[-2.708038934034951, -12.748517712634374], [-2.197522255129342, -13.0592669953215], [-1.9977548590840055, -13.392212655454692], [-1.9755584817071736, -13.725158315587883], [-2.2641113871213756, -13.969318466421457], [-2.5970570472892476, -13.902729334325587], [-2.852315386707438, -13.414409032796906], [-3.063180971441193, -12.859499599310821], [-2.918904518699472, -12.65973220330014], [-2.708038934034951, -12.748517712634374]]]], "centroids": [[-2.499313737392078, -13.338667224299643, 7.6380578792278495]], "h": 0.037169633139944466}, "mtl": {"face": 0}}, {"geom": {"polygons": [[[[-1.64261282160853, -4.5968981340788675], [-1.775791085661832, -6.061859038595677], [-2.0532458023876208, -6.683357604246867], [-2.2474641041233703, -6.960812320834135], [-2.4916242549223755, -7.110637867920034], [-2.6303516132852645, -7.077343301924021], [-2.708038934034951, -6.949714132284188], [-2.708038934034951, -6.616768472150997], [-2.397289651243911, -5.79550251052374], [-2.0865403684528716, -4.68568364344772], [-2.003303953393598, -4.519210813398434], [-1.86457659496147, -4.419327115375783], [-1.6870055762929659, -4.4470725869583525], [-1.64261282160853, -4.5968981340788675]]]], "centroids": [[-2.1284579135648904, -5.836602552909721, 7.4808004301813344]], "h": 0.037169633139944466}, "mtl": {"face": 0}}]}